New_ID,treeID
0,2700
1,2701
2,2703
3,2704
4,2705
5,2706
6,2707
7,2708
8,2709
9,2710
10,2711
11,2712
12,2713
13,2714
14,2716
15,2717
16,2718
17,2719
18,2720
19,2721
20,2722
21,2723
22,2724
23,2725
24,2726
25,2727
26,2729
27,2731
28,2732
29,2733
30,2734
31,2735
32,2736
33,2737
34,2738
35,2739
36,2740
37,2741
38,2742
39,2743
40,2745
41,2746
42,2747
43,2748
44,2749
45,2750
46,2751
47,2752
48,2753
49,2754
50,2755
51,2756
52,2757
53,2758
54,2759
55,2760
56,2761
57,2762
58,2763
59,2764
60,2765
61,2766
62,2767
63,2768
64,2769
65,2770
66,2771
67,2772
68,2773
69,2774
70,2775
71,2777
72,2778
73,2779
74,2780
75,2781
76,2782
77,2783
78,2784
79,2785
80,2786
81,2787
82,2788
83,2790
84,2791
85,2792
86,2793
87,2794
88,2795
89,2796
90,2797
91,2798
92,2799
93,2800
94,2801
95,2802
96,2803
97,2804
98,2805
99,2806
100,2807
101,2808
102,2809
103,2810
104,2811
105,2812
106,2813
107,2814
108,2815
109,2816
110,2817
111,2818
112,2819
113,2820
114,2821
115,2822
116,2823
117,2824
118,2825
119,2826
120,2827
121,2828
122,2829
123,2830
124,2831
125,2832
126,2833
127,2834
128,2835
129,2836
130,2837
131,2838
132,2839
133,2841
134,2844
135,2845
136,2846
137,2847
138,2848
139,2849
140,2850
141,2851
142,2852
143,2853
144,2854
145,2855
146,2856
147,2857
148,2858
149,2859
150,2860
151,2861
152,2862
153,2863
154,2864
155,2865
156,2866
157,2867
158,2868
159,2869
160,2870
161,2871
162,2872
163,2873
164,2874
165,2875
166,2876
167,2877
168,2878
169,2880
170,2881
171,2882
172,2883
173,2884
174,2885
175,2886
176,2887
177,2888
178,2889
179,2891
180,2892
181,2893
182,2894
183,2896
184,2897
185,2898
186,2899
187,2900
188,2902
189,2903
190,2904
191,2905
192,2906
193,2907
194,2908
195,2909
196,2910
197,2911
198,2912
199,2913
200,2914
201,2915
202,2916
203,2917
204,2918
205,2919
206,2920
207,2921
208,2922
209,2923
210,2924
211,2925
212,2926
213,2927
214,2928
215,2929
216,2930
217,2931
218,2932
219,2933
220,2934
221,2935
222,2936
223,2937
224,2939
225,2940
226,2941
227,2942
228,2943
229,2944
230,2945
231,2946
232,2947
233,2948
234,2949
235,2950
236,2951
237,2952
238,2953
239,2954
240,2955
241,2956
242,2958
243,2959
244,2960
245,2961
246,2962
247,2963
248,2964
249,2965
250,2966
251,2967
252,2968
253,2969
254,2970
255,2971
256,2972
257,2973
258,2974
259,2975
260,2976
261,2977
262,2978
263,2979
264,2980
265,2981
266,2982
267,2983
268,2984
269,2985
270,2986
271,2987
272,2988
273,2989
274,2990
275,2991
276,2992
277,2993
278,2994
279,2995
280,2996
281,2997
282,2998
283,2999
